{"cameraMode":{"drawMode":0,"name":"Shaded","section":"Shading Mode"},"sceneLighting":false,"audioPlay":false,"sceneViewState":{"m_AlwaysRefresh":false,"showFog":false,"showSkybox":false,"showFlares":false,"showImageEffects":false,"showParticleSystems":false,"showVisualEffectGraphs":true,"m_FxEnabled":true},"in2DMode":false,"pivot":{"x":0.000008221017196774483,"y":0.003378526074811816,"z":0.00016917777247726917},"rotation":{"x":0.0007614329224452376,"y":0.9951940774917603,"z":-0.09765119850635529,"w":0.007762839552015066},"size":0.005680524278432131,"orthographic":false}