{"cameraMode":{"drawMode":0,"name":"Shaded","section":"Shading Mode"},"sceneLighting":false,"audioPlay":false,"sceneViewState":{"m_AlwaysRefresh":false,"showFog":true,"showSkybox":false,"showFlares":true,"showImageEffects":true,"showParticleSystems":true,"showVisualEffectGraphs":true,"m_FxEnabled":true},"in2DMode":false,"pivot":{"x":0.2485116720199585,"y":-0.11249521374702454,"z":0.28895899653434756},"rotation":{"x":-0.19424496591091157,"y":-0.38859590888023379,"z":0.08417174220085144,"w":-0.8967704772949219},"size":0.38660258054733279,"orthographic":false}