{"cameraMode":{"drawMode":0,"name":"Shaded","section":"Shading Mode"},"sceneLighting":false,"audioPlay":false,"sceneViewState":{"m_AlwaysRefresh":false,"showFog":true,"showSkybox":false,"showFlares":true,"showImageEffects":true,"showParticleSystems":true,"showVisualEffectGraphs":true,"m_FxEnabled":true},"in2DMode":false,"pivot":{"x":30.91590118408203,"y":18.616594314575197,"z":119.154541015625},"rotation":{"x":0.22038564085960389,"y":0.02925112098455429,"z":-0.0066155726090073589,"w":0.9749576449394226},"size":125.00088500976563,"orthographic":false}