{"cameraMode":{"drawMode":0,"name":"Shaded","section":"Shading Mode"},"sceneLighting":false,"audioPlay":false,"sceneViewState":{"m_AlwaysRefresh":false,"showFog":true,"showSkybox":false,"showFlares":true,"showImageEffects":true,"showParticleSystems":true,"showVisualEffectGraphs":true,"m_FxEnabled":true},"in2DMode":false,"pivot":{"x":0.621832549571991,"y":1.2987802028656006,"z":1.5319890975952149},"rotation":{"x":0.10063997656106949,"y":-0.0003163336659781635,"z":0.00003757187005248852,"w":0.9949357509613037},"size":2.5284616947174074,"orthographic":false}