{"cameraMode":{"drawMode":0,"name":"Shaded","section":"Shading Mode"},"sceneLighting":false,"audioPlay":false,"sceneViewState":{"m_AlwaysRefresh":false,"showFog":true,"showSkybox":false,"showFlares":true,"showImageEffects":true,"showParticleSystems":true,"showVisualEffectGraphs":true,"m_FxEnabled":true},"in2DMode":false,"pivot":{"x":1.4901161193847657e-8,"y":0.03508096933364868,"z":0.834134578704834},"rotation":{"x":0.001136314240284264,"y":0.9835024476051331,"z":-0.1808067113161087,"w":0.006197251845151186},"size":0.2690548002719879,"orthographic":false}