{"cameraMode":{"drawMode":0,"name":"Shaded","section":"Shading Mode"},"sceneLighting":false,"audioPlay":false,"sceneViewState":{"m_AlwaysRefresh":false,"showFog":true,"showSkybox":false,"showFlares":true,"showImageEffects":true,"showParticleSystems":true,"showVisualEffectGraphs":true,"m_FxEnabled":true},"in2DMode":false,"pivot":{"x":-0.0374675989151001,"y":0.9096739888191223,"z":-0.08509790897369385},"rotation":{"x":-0.0002558140840847045,"y":0.9971005320549011,"z":-0.003299703588709235,"w":-0.07612483203411102},"size":1.1128896474838257,"orthographic":false}