{"cameraMode":{"drawMode":0,"name":"Shaded","section":"Shading Mode"},"sceneLighting":false,"audioPlay":false,"sceneViewState":{"m_AlwaysRefresh":false,"showFog":true,"showSkybox":false,"showFlares":true,"showImageEffects":true,"showParticleSystems":true,"showVisualEffectGraphs":true,"m_FxEnabled":true},"in2DMode":false,"pivot":{"x":-3.4063987731933595,"y":9.705673217773438,"z":12.943281173706055},"rotation":{"x":-0.0028691506013274194,"y":-0.8629064559936523,"z":-0.004914118908345699,"w":0.5053502321243286},"size":24.345340728759767,"orthographic":false}