{"cameraMode":{"drawMode":0,"name":"Shaded","section":"Shading Mode"},"sceneLighting":false,"audioPlay":false,"sceneViewState":{"m_AlwaysRefresh":false,"showFog":true,"showSkybox":false,"showFlares":true,"showImageEffects":true,"showParticleSystems":true,"showVisualEffectGraphs":true,"m_FxEnabled":true},"in2DMode":false,"pivot":{"x":0.0268566831946373,"y":1.8875501155853272,"z":-0.0723581314086914},"rotation":{"x":0.0348004475235939,"y":0.011674494482576847,"z":-0.00040098041063174605,"w":0.999338686466217},"size":2.7603933811187746,"orthographic":false}