{"cameraMode":{"drawMode":0,"name":"Shaded","section":"Shading Mode"},"sceneLighting":false,"audioPlay":false,"sceneViewState":{"m_AlwaysRefresh":false,"showFog":true,"showSkybox":false,"showFlares":true,"showImageEffects":true,"showParticleSystems":true,"showVisualEffectGraphs":true,"m_FxEnabled":true},"in2DMode":false,"pivot":{"x":0.45632481575012209,"y":0.2152409553527832,"z":-0.5103944540023804},"rotation":{"x":0.09170696884393692,"y":0.884085476398468,"z":-0.1956685185432434,"w":0.41437822580337527},"size":1.6705889701843262,"orthographic":false}