{"cameraMode":{"drawMode":0,"name":"Shaded","section":"Shading Mode"},"sceneLighting":false,"audioPlay":false,"sceneViewState":{"m_AlwaysRefresh":false,"showFog":true,"showSkybox":false,"showFlares":true,"showImageEffects":true,"showParticleSystems":true,"showVisualEffectGraphs":true,"m_FxEnabled":true},"in2DMode":false,"pivot":{"x":-0.34573081135749819,"y":1.9458508491516114,"z":-0.01322317123413086},"rotation":{"x":-0.00013747857883572578,"y":-0.9981918334960938,"z":0.06027441844344139,"w":-0.0023897793143987657},"size":2.768259286880493,"orthographic":false}