{"cameraMode":{"drawMode":0,"name":"Shaded","section":"Shading Mode"},"sceneLighting":false,"audioPlay":false,"sceneViewState":{"m_AlwaysRefresh":false,"showFog":true,"showSkybox":false,"showFlares":true,"showImageEffects":true,"showParticleSystems":true,"showVisualEffectGraphs":true,"m_FxEnabled":true},"in2DMode":false,"pivot":{"x":0.038712918758392337,"y":0.5180069208145142,"z":2.7182374000549318},"rotation":{"x":0.0015320864040404559,"y":0.9921499490737915,"z":-0.012213636189699173,"w":0.12446791678667069},"size":1.2052061557769776,"orthographic":false}