{"cameraMode":{"drawMode":0,"name":"Shaded","section":"Shading Mode"},"sceneLighting":false,"audioPlay":false,"sceneViewState":{"m_AlwaysRefresh":false,"showFog":true,"showSkybox":false,"showFlares":true,"showImageEffects":true,"showParticleSystems":true,"showVisualEffectGraphs":true,"m_FxEnabled":true},"in2DMode":false,"pivot":{"x":4.749579429626465,"y":13.551727294921875,"z":24.072006225585939},"rotation":{"x":-0.02460251748561859,"y":0.9636299014091492,"z":-0.24842695891857148,"w":-0.09541896730661392},"size":0.007395029067993164,"orthographic":false}